,User,Tweet
0,njmchingu,"RT @aeong9289: (My first) GIVEAWAY karena akhirnya bisa ntn The LinkğŸ¥¹ğŸ¥¹

Rules: just simply rt, like &amp; reply mau gift yg manağŸ«¶ğŸ»
For 10 winneâ€¦"
1,lovelihan,"RT @idol_votes: 2022 Genie Music Awards â€” Best Male Group Nominees:
ğŸVOTESğŸ
BIGBANG
BTS
NCT DREAM
SEVENTEEN
#BIGBANG #BTS #NCTDREAM #StrayKâ€¦"
2,simi_so_la,"RT @ojogbadura: The Nigerian Police force today (6th of October, 2022) at 15:44 escorted me to a POS and withdrew 100k of my hard earned moâ€¦"
3,BookmarkedDream,"RT @NCTDREAMCENTER: 221007 SCHEDULE: NCT DREAM @ 2022 K Culture Festival 'THE K Concert'

ğŸ•– 7pm KST
ğŸ“ Jamsil Olympic Stadium
ğŸ“º LIVE STREAM:â€¦"
4,loonneytoon,"RT @onebvcs: IG FOLLOWERS | 6th October, 2022

ğŸ¤ bbrightvc : 16,236,806 [+6,163]
ğŸ“¸ isawitbefore : 687,100
ğŸª astrostuffs : 311,394

#bbrightâ€¦"
5,ramiro_enoc,"RT @RaRa_MuSa: Ella es ELIZABETH GOMEZ ALCORTA, quien renunciÃ³ al MINISTERIO DEFICITARIO Y SIN NINGÃšN OBJETIVO CUMPLIDO DE LA MUJER, ministâ€¦"
6,ilkaborio,RT @UOLNoticias: Josias de Souza: Bolsonaro lanÃ§a mÃ­ssil no pÃ© ao ligar voto de nordestinos ao analfabetismo https://t.co/PVn2EvgInm
7,SRNDDWDW,"RT @_BBOPEEP: âœğŸ» à¹€à¸à¸µà¸¢à¸£à¸•à¸´à¸šà¸±à¸•à¸£à¹à¸ªà¸”à¸‡à¸„à¸³à¸‚à¸­à¸šà¸„à¸¸à¸“

EXO-L à¸—à¸µà¹ˆà¸œà¸¡à¸£à¸±à¸

à¸ªà¸³à¸«à¸£à¸±à¸šà¸à¸²à¸£à¸£à¸­à¸„à¸­à¸¢à¸•à¸¥à¸­à¸” 1 à¸›à¸µ 6 à¹€à¸”à¸·à¸­à¸™à¸”à¹‰à¸§à¸¢à¸„à¸§à¸²à¸¡à¸£à¸±à¸à¸—à¸µà¹ˆà¹„à¸¡à¹ˆà¸¡à¸µà¸—à¸µà¹ˆà¸ªà¸´à¹‰à¸™à¸ªà¸¸à¸” à¸ªà¸³à¸«à¸£à¸±à¸šà¸—à¸µà¹ˆà¸•à¹‰à¸­à¸™à¸£à¸±à¸šà¸œà¸¡à¸â€¦"
8,saulvasquezhn,"RT @CopecoHonduras1: ğŸ“¢ BoletÃ­n Informativo No. 008-2022

CiclÃ³n tropical ingresarÃ­a como depresiÃ³n tropical el prÃ³ximo lunes ğŸ‘‡ğŸ½ https://t.câ€¦"
9,MariaJoseYellic,"RT @InvictosSomos: Sin importar quÃ© suceda en el Mundial de Qatar 2022, solo podemos agradecerles. Gracias por tanto fÃºtbol, Lio y Cris. LOâ€¦"
10,NinfaAlvarenga,"RT @TraductorTeAma: Argentina registrÃ³ el menor consumo de carne en cien aÃ±os
junio 22, 2022 

Pero con solidaridad, empatÃ­a y justicia socâ€¦"
11,fentymenage,"@BeautysMotivee @wtf_ant8 @dearoldluis Nah sis lol, if youâ€™ve been listening to her since 2010, you ainâ€™t a new Barb in 2022."
12,Mathapelo_PUSHP,"RT @2022AFRICA: 19 jan 2019 ğŸ”¥ğŸ”¥ğŸ”¥ğŸ”¥ğŸ”¥
06 August 2019 ğŸ”¥ğŸ”¥ğŸ”¥
15 march 2020 ğŸ’€ğŸ’€ğŸ’€ğŸ’€ğŸ’€
04 July 2021 ğŸ”¥ğŸ”¥ğŸ”¥
29 August 2022 ğŸ”¥ğŸ”¥ğŸ”¥ğŸ”¥ğŸ”¥"
13,dukunanak_,"RT @kchartsmaster: 2022 Genie Music Awards â€” Album of the Year Nominees:

Psy 9th
BORN PINK
Glitch Mode
I NEVER DIE
IM HERO
INVU
PANORAMA
Pâ€¦"
14,OlaviLuna,"RT @RevistaVino: El vino y el tiempo. La Rioja Alta S.A. estÃ¡ vendimiando hoy un viÃ±edo artesanal de 65 aÃ±os en San Felices, Haro, (La Riojâ€¦"
15,quack_79,RT @BoingBoing: We finally have a Santa Claus action movie starring DavidÂ Harbour https://t.co/dfRx7EuKMQ https://t.co/ie5Bo4zSUc
16,guacamolesaus,"RT @ruairiak: An investigation by @rebtanhs &amp; @washingtonpostâ€™s visual forensics team shows how the firing of 40+ munitionsâ€”incl. tear gas,â€¦"
17,aleflaceara,"RT @NoticiasRedetv: Prefeitos mineiros se juntam a Zema para apoiar Bolsonaro

- O encontro com os prefeitos deve ocorrer em 14 de outubro.â€¦"
18,bts_magui,"RT @statsforbangtan: j-hope is currently the 4th best-selling Korean male soloist in 2022 with 482,851 copies sold of Jack In The Box!

Thiâ€¦"
19,thea_blooms,RT @allkpop: #WEi begins the comeback countdown with a schedule chart for their 5th mini-album 'Love Pt.2: Passion' https://t.co/wQdQtCQ0PW
20,Jackahz77,@USAA_help @ShieldVoC https://t.co/JZObuzJIoX
21,hibella3456,RT @tori_saylor: Itâ€™s 2022 and Tom Barrett said he doesnâ€™t support gay marriage. #MI07 https://t.co/4ktFNjH6I2
22,anotherdayinsrq,"RT @rgoodlaw: This may help force the Justice Departmentâ€™s hand toward an indictment.

â€œA top Justice Department official told â€¦ Trumpâ€™s laâ€¦"
23,xDarkFlamax,RT @elmundotoday: Patrisio logra volver a su casa tras ser rescatado de la casa de empeÃ±os en la que fue abandonado por su madre https://t.â€¦
24,LRizz20,"RT @usatodayDC: In addition to pardoning thousands convicted of simple pot possession, Biden moved to potentially remove marijuana as a Schâ€¦"
25,hhjside,"RT @Stray_Kids: Stray Kids(ìŠ¤íŠ¸ë ˆì´ í‚¤ì¦ˆ) [INTRO ""MAXIDENT""]

https://t.co/AUvEr6Upus

2022.10.07 FRI 1PM (KST) | 0AM (EST)

ğŸ’—Pre-Save and Pre-Orâ€¦"
26,pankajdel80,"RT @Unitedd_India: Modi Sarkarâ€™s â€œEconomic Modelâ€

Indiaâ€™s 2022 GDP growth to decline to 5.7%â€¦ Masterstroke !

https://t.co/VbHWx7Bqpj httpâ€¦"
27,EmelyLuikart,RT @AussieBrief: https://t.co/biowrBP6Xn
28,yoshifiles,"RT @TREASURESCHDL: TREASURE SCHEDULE

ğŸ—“9 OCTOBER 2022

ğŸ“ºSBS Inkigayo 
ğŸ“…23-08-2020
â°3:40PM KST

Streaming Links:
ğŸ”—https://t.co/69sS3drtfQ
ğŸ”—hâ€¦"
29,queenel67985463,"RT @stariray1949: Congratulations, love  @bernardokath ğŸ’™â¤ï¸   So many blessings and more to come ğŸ¥¹ Thanks @TCL for choosing THE Phenomenal Qâ€¦"
